date,sentiment
20090301,0
20090302,0
20090303,0
20090304,0
20090305,0
20090306,0
20090307,0
20090308,0
20090309,0
20090310,0
20090311,0
20090312,0
20090313,0
20090314,0
20090315,0
20090316,0
20090317,0
20090318,0
20090319,0
20090320,0
20090321,0
20090322,0
20090323,0
20090324,0
20090325,0
20090326,0
20090327,0
20090328,0
20090329,0
20090330,0
20090331,0
20090401,0
20090402,0
20090403,0
20090404,0
20090405,0
20090406,0
20090407,0
20090408,0
20090409,0
20090410,0
20090411,0
20090412,0
20090413,0
20090414,0
20090415,0
20090416,0
20090417,0
20090418,0
20090419,0
20090420,0
20090421,0
20090422,0
20090423,0
20090424,0
20090425,0
20090426,0
20090427,0
20090428,0
20090429,0
20090430,0
20090501,0
20090502,0
20090503,0
20090504,0
20090505,0
20090506,0
20090507,0
20090508,0
20090509,0
20090510,0
20090511,0
20090512,0
20090513,0
20090514,0
20090515,0
20090516,0
20090517,0
20090518,0
20090519,0
20090520,0
20090521,0
20090522,0
20090523,0
20090524,0
20090525,0
20090526,0
20090527,0
20090528,0
20090529,0
20090530,0
20090531,0
20090601,0
20090602,0
20090603,0
20090604,0
20090605,0
20090606,0
20090607,0
20090608,0
20090609,0
20090610,0
20090611,0
20090612,0
20090613,0
20090614,0
20090615,0
20090616,0
20090617,0
20090618,0
20090619,0
20090620,0
20090621,0
20090622,0
20090623,0
20090624,0
20090625,0
20090626,0
20090627,0
20090628,0
20090629,0
20090630,0
20090701,0
20090702,0
20090703,0
20090704,0
20090705,0
20090706,0
20090707,0
20090708,0
20090709,0
20090710,0
20090711,0
20090712,0
20090713,0
20090714,0
20090715,0
20090716,0
20090717,0
20090718,0
20090719,0
20090720,0
20090721,0
20090722,0
20090723,0
20090724,0
20090725,0
20090726,0
20090727,0
20090728,0
20090729,0
20090730,0
20090731,0
20090801,0
20090802,0
20090803,0
20090804,0
20090805,0
20090806,0
20090807,0
20090808,0
20090809,0
20090810,0
20090811,0
20090812,0
20090813,0
20090814,0
20090815,0
20090816,0
20090817,0
20090818,0
20090819,0
20090820,0
20090821,0
20090822,0
20090823,0
20090824,0
20090825,0
20090826,0
20090827,0
20090828,0
20090829,0
20090830,0
20090831,0
20090901,0
20090902,0
20090903,0
20090904,0
20090905,0
20090906,0
20090907,0
20090908,0
20090909,0
20090910,0
20090911,0
20090912,0
20090913,0
20090914,0
20090915,0
20090916,0
20090917,0
20090918,0
20090919,0
20090920,0
20090921,0
20090922,0
20090923,0
20090924,0
20090925,0
20090926,0
20090927,0
20090928,0
20090929,0
20090930,0
20091001,0
20091002,0
20091003,0
20091004,0
20091005,0
20091006,0
20091007,0
20091008,0
20091009,0
20091010,0
20091011,0
20091012,0
20091013,0
20091014,0
20091015,0
20091016,0
20091017,0
20091018,0
20091019,0
20091020,0
20091021,0
20091022,0
20091023,0
20091024,0
20091025,0
20091026,0
20091027,0
20091028,0
20091029,0
20091030,0
20091031,0
20091101,0
20091102,0
20091103,0
20091104,0
20091105,0
20091106,0
20091107,0
20091108,0
20091109,0
20091110,0
20091111,0
20091112,0
20091113,0
20091114,0
20091115,0
20091116,0
20091117,0
20091118,0
20091119,0
20091120,0
20091121,0
20091122,0
20091123,0
20091124,0
20091125,0
20091126,0
20091127,0
20091128,0
20091129,0
20091130,0
20091201,0
20091202,0
20091203,0
20091204,0
20091205,0
20091206,0
20091207,0
20091208,0
20091209,0
20091210,0
20091211,0
20091212,0
20091213,0
20091214,0
20091215,0
20091216,0
20091217,0
20091218,0
20091219,0
20091220,0
20091221,0
20091222,0
20091223,0
20091224,0
20091225,0
20091226,0
20091227,0
20091228,0
20091229,0
20091230,0
20091231,0
20100101,0
20100102,0
20100103,0
20100104,0
20100105,0
20100106,0
20100107,0
20100108,0
20100109,0
20100110,0
20100111,0
20100112,0
20100113,0
20100114,0
20100115,0
20100116,0
20100117,0
20100118,0
20100119,0
20100120,0
20100121,0
20100122,0
20100123,0
20100124,0
20100125,0
20100126,0
20100127,0
20100128,0
20100129,0
20100130,0
20100131,0
20100201,0
20100202,0
20100203,0
20100204,0
20100205,0
20100206,0
20100207,0
20100208,0
20100209,0
20100210,0
20100211,0
20100212,0
20100213,0
20100214,0
20100215,0
20100216,0
20100217,0
20100218,0
20100219,0
20100220,0
20100221,0
20100222,0
20100223,0
20100224,0
20100225,0
20100226,0
20100227,0
20100228,0
20100301,0
20100302,0
20100303,0
20100304,0
20100305,0
20100306,0
20100307,0
20100308,0
20100309,0
20100310,0
20100311,0
20100312,0
20100313,0
20100314,0
20100315,0
20100316,0
20100317,0
20100318,0
20100319,0
20100320,0
20100321,0
20100322,0
20100323,0
20100324,0
20100325,0
20100326,0
20100327,0
20100328,0
20100329,0
20100330,0
20100331,0
20100401,0
20100402,0
20100403,0
20100404,0
20100405,0
20100406,0
20100407,0
20100408,0
20100409,0
20100410,0
20100411,0
20100412,0
20100413,0
20100414,0
20100415,0
20100416,0
20100417,0
20100418,0
20100419,0
20100420,0
20100421,0
20100422,0
20100423,0
20100424,0
20100425,0
20100426,0
20100427,0
20100428,0
20100429,0
20100430,0
20100501,0
20100502,0
20100503,0
20100504,0
20100505,0
20100506,0
20100507,0
20100508,0
20100509,0
20100510,0
20100511,0
20100512,0
20100513,0
20100514,0
20100515,0
20100516,0
20100517,0
20100518,0
20100519,0
20100520,0
20100521,0
20100522,0
20100523,0
20100524,0
20100525,0
20100526,0
20100527,0
20100528,0
20100529,0
20100530,0
20100531,0
20100601,0
20100602,0
20100603,0
20100604,0
20100605,0
20100606,0
20100607,0
20100608,0
20100609,0
20100610,0
20100611,0
20100612,0
20100613,0
20100614,0
20100615,0
20100616,0
20100617,0
20100618,0
20100619,0
20100620,0
20100621,0
20100622,0
20100623,0
20100624,0
20100625,0
20100626,0
20100627,0
20100628,0
20100629,0
20100630,0
20100701,0
20100702,0
20100703,0
20100704,0
20100705,0
20100706,0
20100707,0
20100708,0
20100709,0
20100710,0
20100711,0
20100712,0
20100713,0
20100714,0
20100715,0
20100716,0
20100717,0
20100718,0
20100719,0
20100720,0
20100721,0
20100722,0
20100723,0
20100724,0
20100725,0
20100726,0
20100727,0
20100728,0
20100729,0
20100730,0
20100731,0
20100801,0
20100802,0
20100803,0
20100804,0
20100805,0
20100806,0
20100807,0
20100808,0
20100809,0
20100810,0
20100811,0
20100812,0
20100813,0
20100814,0
20100815,0
20100816,0
20100817,0
20100818,0
20100819,0
20100820,0
20100821,0
20100822,0
20100823,0
20100824,0
20100825,0
20100826,0
20100827,0
20100828,0
20100829,0
20100830,0
20100831,0
20100901,0
20100902,0
20100903,0
20100904,0
20100905,0
20100906,0
20100907,0
20100908,0
20100909,0
20100910,0
20100911,0
20100912,0
20100913,0
20100914,0
20100915,0
20100916,0
20100917,0
20100918,0
20100919,0
20100920,0
20100921,0
20100922,0
20100923,0
20100924,0
20100925,0
20100926,0
20100927,0
20100928,0
20100929,0
20100930,0
20101001,0
20101002,0
20101003,0
20101004,0
20101005,0
20101006,0
20101007,0
20101008,0
20101009,0
20101010,0
20101011,0
20101012,0
20101013,0
20101014,0
20101015,0
20101016,0
20101017,0
20101018,0
20101019,0
20101020,0
20101021,0
20101022,0
20101023,0
20101024,0
20101025,0
20101026,0
20101027,0
20101028,0
20101029,0
20101030,0
20101031,0
20101101,0
20101102,0
20101103,0
20101104,0
20101105,0
20101106,0
20101107,0
20101108,0
20101109,0
20101110,0
20101111,0
20101112,0
20101113,0
20101114,0
20101115,0
20101116,0
20101117,0
20101118,0
20101119,0
20101120,0
20101121,0
20101122,0
20101123,0
20101124,0
20101125,0
20101126,0
20101127,0
20101128,0
20101129,0
20101130,0
20101201,0
20101202,0
20101203,0
20101204,0
20101205,0
20101206,0
20101207,0
20101208,0
20101209,0
20101210,0
20101211,0
20101212,0
20101213,0
20101214,0
20101215,0
20101216,0
20101217,0
20101218,0
20101219,0
20101220,0
20101221,0
20101222,0
20101223,0
20101224,0
20101225,0
20101226,0
20101227,0
20101228,0
20101229,0
20101230,0
20101231,0
20110101,0
20110102,0
20110103,0
20110104,0
20110105,0
20110106,0
20110107,0
20110108,0
20110109,0
20110110,0
20110111,0
20110112,0
20110113,0
20110114,0
20110115,0
20110116,0
20110117,0
20110118,0
20110119,0
20110120,0
20110121,0
20110122,0
20110123,0
20110124,0
20110125,0
20110126,0
20110127,0
20110128,0
20110129,0
20110130,0
20110131,0
20110201,0
20110202,0
20110203,0
20110204,0
20110205,0
20110206,0
20110207,0
20110208,0
20110209,0
20110210,0
20110211,0
20110212,0
20110213,0
20110214,0
20110215,0
20110216,0
20110217,0
20110218,0
20110219,0
20110220,0
20110221,0
20110222,0
20110223,0
20110224,0
20110225,0
20110226,0
20110227,0
20110228,0
20110301,0
20110302,0
20110303,0
20110304,0
20110305,0
20110306,0
20110307,0
20110308,0
20110309,0
20110310,0
20110311,0
20110312,0
20110313,0
20110314,0
20110315,0
20110316,0
20110317,0
20110318,0
20110319,0
20110320,0
20110321,0
20110322,0
20110323,0
20110324,0
20110325,0
20110326,0
20110327,0
20110328,0
20110329,0
20110330,0
20110331,0
20110401,0
20110402,0
20110403,0
20110404,0
20110405,0
20110406,0
20110407,0
20110408,0
20110409,0
20110410,0
20110411,0
20110412,0
20110413,0
20110414,0
20110415,0
20110416,0
20110417,0
20110418,0
20110419,0
20110420,0
20110421,0
20110422,0
20110423,0
20110424,0
20110425,0
20110426,0
20110427,0
20110428,0
20110429,0
20110430,0
20110501,0
20110502,0
20110503,0
20110504,0
20110505,0
20110506,0
20110507,0
20110508,0
20110509,0
20110510,0
20110511,0
20110512,0
20110513,0
20110514,0
20110515,0
20110516,0
20110517,0
20110518,0
20110519,0
20110520,0
20110521,0
20110522,0
20110523,0
20110524,0
20110525,0
20110526,0
20110527,0
20110528,0
20110529,0
20110530,0
20110531,0
20110601,0
20110602,0
20110603,0
20110604,0
20110605,0
20110606,0
20110607,0
20110608,0
20110609,0
20110610,0
20110611,0
20110612,0
20110613,0
20110614,0
20110615,0
20110616,0
20110617,0
20110618,0
20110619,0
20110620,0
20110621,0
20110622,0
20110623,0
20110624,0
20110625,0
20110626,0
20110627,0
20110628,0
20110629,0
20110630,0
20110701,0
20110702,0
20110703,0
20110704,0
20110705,0
20110706,0
20110707,0
20110708,0
20110709,0
20110710,0
20110711,1
20110712,0
20110713,0
20110714,0
20110715,0
20110716,0
20110717,0
20110718,0
20110719,0
20110720,0
20110721,0
20110722,0
20110723,0
20110724,0
20110725,0
20110726,0
20110727,0
20110728,0
20110729,0
20110730,0
20110731,0
20110801,0
20110802,0
20110803,0
20110804,0
20110805,0
20110806,0
20110807,0
20110808,0
20110809,0
20110810,0
20110811,0
20110812,0
20110813,0
20110814,0
20110815,0
20110816,0
20110817,0
20110818,0
20110819,0
20110820,0
20110821,0
20110822,0
20110823,0
20110824,0
20110825,0
20110826,0
20110827,0
20110828,0
20110829,0
20110830,0
20110831,0.8
20110901,0.3
20110902,0
20110903,0
20110904,1
20110905,0
20110906,0
20110907,0
20110908,0
20110909,0
20110910,0
20110911,0
20110912,0
20110913,0
20110914,0.662954545
20110915,-0.089285714
20110916,0
20110917,0
20110918,0
20110919,0
20110920,0
20110921,1.0125
20110922,0
20110923,0
20110924,0
20110925,0
20110926,0
20110927,0
20110928,0
20110929,0
20110930,0
20111001,0
20111002,0
20111003,0
20111004,0
20111005,0
20111006,0
20111007,0
20111008,0
20111009,0
20111010,0
20111011,0
20111012,0
20111013,0
20111014,0
20111015,0
20111016,0
20111017,0.4
20111018,0
20111019,0
20111020,0
20111021,0
20111022,0
20111023,0
20111024,0
20111025,0
20111026,0.1
20111027,0
20111028,0
20111029,0
20111030,0
20111031,0
20111101,0
20111102,0
20111103,0
20111104,0
20111105,0
20111106,0.5
20111107,0
20111108,0.6
20111109,0
20111110,0
20111111,0
20111112,0
20111113,0
20111114,0
20111115,0
20111116,0
20111117,0
20111118,0
20111119,0
20111120,0
20111121,0
20111122,0
20111123,0.5
20111124,0
20111125,0.98
20111126,2.247222222
20111127,0
20111128,0
20111129,0.3
20111130,0
20111201,0
20111202,0.125
20111203,1.05
20111204,0
20111205,0.675
20111206,0
20111207,0.1
20111208,0
20111209,0
20111210,0
20111211,0
20111212,0
20111213,0
20111214,0
20111215,0
20111216,0
20111217,0.6
20111218,0
20111219,0
20111220,-0.083333333
20111221,0.318181818
20111222,0
20111223,0
20111224,0
20111225,0
20111226,0
20111227,0
20111228,0
20111229,0
20111230,0.136363636
20111231,0.3
20120101,-0.208333333
20120102,1
20120103,0
20120104,0
20120105,0
20120106,0
20120107,0
20120108,0
20120109,0
20120110,0
20120111,0
20120112,0.46875
20120113,0
20120114,0
20120115,0
20120116,0
20120117,0.1703125
20120118,0
20120119,0
20120120,0
20120121,0
20120122,0
20120123,0.375
20120124,0
20120125,0.6625
20120126,0
20120127,0
20120128,0.166666667
20120129,0.136363636
20120130,0.433333333
20120131,0
20120201,0
20120202,0
20120203,0.5
20120204,0
20120205,0
20120206,0
20120207,0
20120208,0
20120209,0
20120210,0.772727273
20120211,0
20120212,0
20120213,0.2875
20120214,0
20120215,-0.155555556
20120216,0.002777778
20120217,0.933333333
20120218,0
20120219,0
20120220,0
20120221,0.541666667
20120222,1.616666667
20120223,-0.0625
20120224,0.566666667
20120225,0
20120226,0.25
20120227,0.2
20120228,0.818181818
20120229,0
20120301,0.5
20120302,0.116071429
20120303,-0.066666667
20120304,0.325
20120305,0
20120306,0.936363636
20120307,0
20120308,0
20120309,0.375
20120310,0
20120311,0
20120312,0.3125
20120313,0
20120314,-0.4
20120315,0
20120316,0
20120317,0.633333333
20120318,0
20120319,0
20120320,0
20120321,1.136363636
20120322,0
20120323,0
20120324,0
20120325,0
20120326,0
20120327,0
20120328,0.3125
20120329,0
20120330,0.0625
20120331,0.35
20120401,0
20120402,0.486363636
20120403,0
20120404,0.125
20120405,0.236363636
20120406,0
20120407,1.523863636
20120408,0.796363636
20120409,0.25
20120410,0
20120411,0
20120412,0.5
20120413,0
20120414,-0.125
20120415,0
20120416,0
20120417,0
20120418,-0.166666667
20120419,0
20120420,0
20120421,0.136363636
20120422,0.3
20120423,0
20120424,-0.125
20120425,0.136363636
20120426,0.175
20120427,1.568939394
20120428,0
20120429,0.316666667
20120430,0
20120501,0.9125
20120502,0.508333333
20120503,0.433333333
20120504,0
20120505,0.5
20120506,-0.091666667
20120507,0.5
20120508,1.125
20120509,2.282724567
20120510,0
20120511,0
20120512,0.004166667
20120513,-0.066369048
20120514,0
20120515,0.107142857
20120516,0.4
20120517,0.15
20120518,0
20120519,0
20120520,0
20120521,-0.05
20120522,0
20120523,0.416666667
20120524,-0.4
20120525,0
20120526,0.112121212
20120527,0.3
20120528,0
20120529,1.303030303
20120530,0.418181818
20120531,0
20120601,0.26
20120602,0
20120603,0
20120604,0
20120605,1.099621212
20120606,0
20120607,0.36875
20120608,1.375694444
20120609,1.847222222
20120610,0
20120611,-0.1
20120612,0.1
20120613,0.327777778
20120614,0.4
20120615,0
20120616,0.75
20120617,0.5
20120618,0
20120619,0
20120620,0.25
20120621,0.4375
20120622,0.136363636
20120623,0.55
20120624,0
20120625,0
20120626,0.475
20120627,0
20120628,0.5
20120629,0
20120630,0
20120701,0
20120702,0.9875
20120703,0.970454545
20120704,0
20120705,0
20120706,0
20120707,-0.833333333
20120708,0
20120709,0.302777778
20120710,0.2
20120711,0.125
20120712,0.16
20120713,0.116666667
20120714,0
20120715,0.5
20120716,1.3125
20120717,0.433333333
20120718,0.308333333
20120719,0
20120720,0
20120721,0.825
20120722,0
20120723,0
20120724,1
20120725,0
20120726,1.095833333
20120727,0
20120728,0.533333333
20120729,0
20120730,0
20120731,0.2
20120801,0.333333333
20120802,0.466666667
20120803,0.95
20120804,1.352083333
20120805,0.75
20120806,1.3
20120807,0.433333333
20120808,0.816666667
20120809,0.375
20120810,0
20120811,0.2
20120812,0
20120813,0.170454545
20120814,0
20120815,0.5
20120816,0.285
20120817,0
20120818,0.65
20120819,0
20120820,0
20120821,0
20120822,0.486363636
20120823,0
20120824,0
20120825,0.133333333
20120826,0.019444444
20120827,0.153409091
20120828,0.3625
20120829,0
20120830,0
20120831,0
20120901,0
20120902,1.674358974
20120903,0
20120904,0.6
20120905,0.2
20120906,-0.145454545
20120907,1.125
20120908,-0.175
20120909,0
20120910,0.5
20120911,0
20120912,0.166666667
20120913,0.068181818
20120914,0.8
20120915,0
20120916,0.058333333
20120917,0.727777778
20120918,0
20120919,0
20120920,1.038181818
20120921,0
20120922,0.55
20120923,0
20120924,0
20120925,0
20120926,0.375
20120927,-0.225
20120928,0
20120929,0
20120930,0
20121001,-0.25
20121002,0
20121003,0.2
20121004,0.427840909
20121005,0.5
20121006,0
20121007,0.133333333
20121008,1
20121009,-0.155555556
20121010,0.181481481
20121011,1.941666667
20121012,1.291666667
20121013,0
20121014,0.068181818
20121015,-0.1
20121016,0.170454545
20121017,0
20121018,0.125
20121019,0.5
20121020,0
20121021,0.361111111
20121022,0.266666667
20121023,0
20121024,0.776785714
20121025,0.195238095
20121026,0.25
20121027,0
20121028,0
20121029,0
20121030,0
20121031,0.034090909
20121101,0.216666667
20121102,0.433333333
20121103,1
20121104,0.25
20121105,0
20121106,0.05
20121107,0
20121108,0.136363636
20121109,0
20121110,0.5
20121111,1.8
20121112,0.4
20121113,0.4
20121114,0.378787879
20121115,0.203333333
20121116,0.08125
20121117,0
20121118,0
20121119,0.936363636
20121120,-0.15
20121121,1.296666667
20121122,0
20121123,0
20121124,0
20121125,0
20121126,0
20121127,0
20121128,0.875
20121129,0.2
20121130,0
20121201,0
20121202,0.136363636
20121203,0
20121204,0.053968254
20121205,0.461363636
20121206,1.835227273
20121207,0
20121208,-0.125
20121209,0
20121210,0
20121211,1.5
20121212,0
20121213,0.136363636
20121214,0.8625
20121215,0
20121216,1.3
20121217,0
20121218,0
20121219,0
20121220,0.1
20121221,0
20121222,-0.05
20121223,-0.0125
20121224,1
20121225,0
20121226,0
20121227,0
20121228,1.5625
20121229,-0.191666667
20121230,1
20121231,0.3
20130101,0
20130102,0.136363636
20130103,0
20130104,0.214285714
20130105,0
20130106,0
20130107,-0.2
20130108,0.7
20130109,0
20130110,0
20130111,0.1
20130112,0.08
20130113,0
20130114,0.4
20130115,-0.077777778
20130116,0.354166667
20130117,0.16
20130118,-0.283333333
20130119,0.021645022
20130120,0
20130121,0
20130122,0.208333333
20130123,0.0875
20130124,-0.125
20130125,0.3875
20130126,0.25
20130127,0.25
20130128,-0.65
20130129,0
20130130,0.18125
20130131,0.7125
20130201,-0.175
20130202,0
20130203,0
20130204,1.098268398
20130205,0
20130206,0.5
20130207,0.022222222
20130208,0
20130209,0
20130210,0.4
20130211,0
20130212,0.136363636
20130213,0.25
20130214,0.625
20130215,-0.216666667
20130216,0.2
20130217,0
20130218,0
20130219,0
20130220,0.225
20130221,0
20130222,0
20130223,-0.263636364
20130224,0
20130225,0
20130226,0.5
20130227,0
20130228,0.32
20130301,0
20130302,0
20130303,0
20130304,0.425
20130305,1.636363636
20130306,0.4375
20130307,1.005681818
20130308,1.046363636
20130309,0
20130310,0
20130311,0
20130312,0.3
20130313,0
20130314,-0.2
20130315,0.05
20130316,-0.05
20130317,0.46875
20130318,0
20130319,1.7
20130320,0
20130321,1.3625
20130322,0.6
20130323,0.343181818
20130324,0.441439394
20130325,0.6875
20130326,1
20130327,-0.125
20130328,-0.063636364
20130329,0.25
20130330,0.730681818
20130331,0.208333333
20130401,0.25
20130402,0.6
20130403,0.9125
20130404,-0.025
20130405,1.259027778
20130406,0
20130407,-0.291666667
20130408,0
20130409,0
20130410,-0.06875
20130411,0.225
20130412,0.41962482
20130413,2.225
20130414,0.289285714
20130415,1.530681818
20130416,0.875
20130417,0.285714286
20130418,0.5375
20130419,0.819444444
20130420,0.383333333
20130421,0
20130422,0
20130423,0
20130424,0.95
20130425,-0.151767677
20130426,0
20130427,0
20130428,-0.155555556
20130429,0.347727273
20130430,0
20130501,-0.1
20130502,0.375
20130503,0.75
20130504,0.146590909
20130505,0
20130506,1.9
20130507,1.4175
20130508,0.1
20130509,0.35
20130510,-0.125
20130511,0.75
20130512,0.35
20130513,0.45
20130514,0.406481481
20130515,-0.0625
20130516,0
20130517,1.5
20130518,0.5
20130519,0.922222222
20130520,1.425
20130521,0.4
20130522,-0.092857143
20130523,0.785714286
20130524,-0.006818182
20130525,0.655808081
20130526,0.5
20130527,0.422222222
20130528,0.2
20130529,0.245454545
20130530,0.468181818
20130531,-0.140277778
20130601,0
20130602,0
20130603,0
20130604,-0.363636364
20130605,0.469444444
20130606,0.904924242
20130607,0.751515152
20130608,0.5
20130609,0
20130610,0.2
20130611,0.549621212
20130612,0.35
20130613,0.7625
20130614,2.193181818
20130615,0
20130616,0.522727273
20130617,1
20130618,0.236363636
20130619,0
20130620,0.050833333
20130621,0.791666667
20130622,0
20130623,0.533333333
20130624,-0.2
20130625,-0.094318182
20130626,-0.097916667
20130627,1.330952381
20130628,0.575
20130629,0.318181818
20130630,0.100649351
20130701,0
20130702,-0.11010101
20130703,-0.063636364
20130704,0.094444444
20130705,0.383333333
20130706,-0.05
20130707,0
20130708,0.903030303
20130709,0.336363636
20130710,1.11E-16
20130711,-0.3
20130712,0.918181818
20130713,0
20130714,0.203125
20130715,0.4
20130716,0.8
20130717,0.2
20130718,0.536363636
20130719,0.575
20130720,1.025
20130721,-0.155555556
20130722,0.375
20130723,0.65
20130724,1.543181818
20130725,0.95
20130726,0
20130727,0.071428571
20130728,0.136363636
20130729,-0.241666667
20130730,0.917613636
20130731,0.35
20130801,0
20130802,0
20130803,0
20130804,0
20130805,0
20130806,0
20130807,0.133333333
20130808,0.45
20130809,0
20130810,0.4
20130811,0
20130812,0.336363636
20130813,0.775
20130814,0.6
20130815,0.75
20130816,0.75
20130817,0
20130818,0
20130819,0.1
20130820,1.5
20130821,0.4
20130822,0
20130823,0.433333333
20130824,-0.083333333
20130825,-0.6
20130826,0.136363636
20130827,0
20130828,0
20130829,1.179734848
20130830,0.85
20130831,0
20130901,0.714285714
20130902,0.6
20130903,0
20130904,-0.205555556
20130905,0.53125
20130906,0.971590909
20130907,-0.083333333
20130908,0
20130909,-0.166666667
20130910,0.3
20130911,-0.041666667
20130912,0.91
20130913,0
20130914,0
20130915,0
20130916,0
20130917,1.186363636
20130918,0
20130919,0.825
20130920,0.4
20130921,0
20130922,0
20130923,0
20130924,-0.25
20130925,0.136363636
20130926,0
20130927,0
20130928,0.212121212
20130929,0.636363636
20130930,0.5
20131001,0.535714286
20131002,-0.348484848
20131003,0.05
20131004,0
20131005,0
20131006,1.391666667
20131007,0.65
20131008,0.4
20131009,0
20131010,0.125
20131011,0
20131012,0.4
20131013,0
20131014,0
20131015,0
20131016,0.7
20131017,0.3
20131018,0
20131019,1.566666667
20131020,0
20131021,0
20131022,-0.395833333
20131023,-0.05
20131024,0.433333333
20131025,0.893181818
20131026,1.69375
20131027,0
20131028,0.65
20131029,0.55
20131030,0.3
20131031,0.94469697
20131101,0.520833333
20131102,0
20131103,0
20131104,0
20131105,-0.231818182
20131106,0.05
20131107,0.933333333
20131108,0
20131109,-0.087878788
20131110,0
20131111,1.725
20131112,0.7625
20131113,0.7625
20131114,0.783333333
20131115,0
20131116,0.78125
20131117,0.90625
20131118,1.775
20131119,2.211363636
20131120,1.431818182
20131121,-0.574134199
20131122,-0.1325
20131123,0.5125
20131124,0
20131125,1.25530303
20131126,0.25
20131127,0
20131128,1
20131129,0.225
20131130,3.9125
20131201,0.875
20131202,0.55
20131203,0.3
20131204,2.240151515
20131205,0.832467532
20131206,1.803030303
20131207,0.831168831
20131208,0.586363636
20131209,0.533333333
20131210,0.252777778
20131211,1.2
20131212,1.25
20131213,1.975
20131214,0.968181818
20131215,-0.4
20131216,1.7375
20131217,0
20131218,-0.075
20131219,2.714935065
20131220,0.1
20131221,0.75
20131222,0.1
20131223,0
20131224,0
20131225,0.25
20131226,0
20131227,0
20131228,0.75
20131229,-0.213636364
20131230,-0.5
20131231,1.110227273
20140101,-0.0125
20140102,1.702272727
20140103,-0.4
20140104,0.585714286
20140105,0.685768398
20140106,0.65
20140107,0.386363636
20140108,0.714814815
20140109,0
20140110,2.065530303
20140111,0.714393939
20140112,0.484848485
20140113,0.234848485
20140114,1.625
20140115,1.47907197
20140116,1.15
20140117,0.528571429
20140118,0
20140119,-0.2625
20140120,1.255681818
20140121,0.3125
20140122,0.1
20140123,0.420454545
20140124,0.4375
20140125,-0.35625
20140126,0.045454545
20140127,-1
20140128,0.29047619
20140129,0.136363636
20140130,1.1
20140131,1.386363636
20140201,0
20140202,1.380681818
20140203,0.144444444
20140204,-0.1
20140205,0
20140206,0.85
20140207,1.341666667
20140208,0.004166667
20140209,0
20140210,0
20140211,1.1875
20140212,0.493181818
20140213,0
20140214,1.114141414
20140215,-0.35
20140216,0.170454545
20140217,0.875
20140218,0
20140219,0
20140220,0.35
20140221,1.368181818
20140222,0.45
20140223,1.003030303
20140224,0
20140225,-0.25
20140226,1.077588384
20140227,0.75
20140228,0.559166667
20140301,-0.166666667
20140302,0.775
20140303,0
20140304,1.304545455
20140305,1.679166667
20140306,0.038798701
20140307,0.384722222
20140308,0
20140309,0
20140310,1.327083333
20140311,0.2375
20140312,0.65
20140313,0.136363636
20140314,-0.875
20140315,1.625
20140316,0
20140317,0.913419913
20140318,0.586363636
20140319,0.35
20140320,0
20140321,0
20140322,1.625
20140323,0
20140324,0
20140325,0.920454545
20140326,1.25
20140327,0.066666667
20140328,0.3
20140329,0.875
20140330,1.841666667
20140331,0.35
20140401,0.775
20140402,0
20140403,0
20140404,-0.05
20140405,1.6
20140406,0.7
20140407,0.0625
20140408,0.555357143
20140409,0
20140410,0.155357143
20140411,0.3
20140412,-1.145833333
20140413,0
20140414,0.975
20140415,0
20140416,0.566666667
20140417,0
20140418,0
20140419,0
20140420,0.266666667
20140421,1.866666667
20140422,0.325
20140423,1.395833333
20140424,0
20140425,0.616666667
20140426,0.1
20140427,-0.0625
20140428,0
20140429,0.85
20140430,0.661363636
20140501,0.136363636
20140502,-0.1
20140503,0
20140504,0.166666667
20140505,-0.131818182
20140506,0
20140507,0.35
20140508,-0.5
20140509,0
20140510,0.675
20140511,0
20140512,0
20140513,0
20140514,0.475
20140515,2.028712121
20140516,-0.140151515
20140517,0.880880231
20140518,0.25
20140519,2.170454545
20140520,1.3
20140521,0.25
20140522,3.261363636
20140523,3.112608225
20140524,0.193181818
20140525,0
20140526,-0.45
20140527,0
20140528,0.516666667
20140529,2.408333333
20140530,0.3
20140531,0
20140601,0.3125
20140602,0.324242424
20140603,0.775
20140604,1.3375
20140605,0.2
20140606,0.7
20140607,0.584090909
20140608,0
20140609,0.286363636
20140610,1.699621212
20140611,0.335227273
20140612,0.866666667
20140613,0.603787879
20140614,0
20140615,0
20140616,1
20140617,0
20140618,0.136363636
20140619,-0.623484848
20140620,0.170454545
20140621,0.620454545
20140622,0
20140623,-0.089772727
20140624,4.3375
20140625,1.25
20140626,0.705681818
20140627,0.734722222
20140628,0
20140629,0.125
20140630,0.2
20140701,-0.266666667
20140702,1.614285714
20140703,0.875
20140704,1.1
20140705,0.966666667
20140706,0
20140707,0.633333333
20140708,0.35
20140709,0.136363636
20140710,1.368181818
20140711,-0.15
20140712,0
20140713,1.45
20140714,0
20140715,1.725
20140716,0
20140717,0.285714286
20140718,0.285714286
20140719,0
20140720,0.723484848
20140721,0.385227273
20140722,0.75
20140723,0
20140724,0.5
20140725,0
20140726,0
20140727,0
20140728,0.512121212
20140729,0.35
20140730,0.645454545
20140731,0
20140801,0.5
20140802,0
20140803,0
20140804,0.166666667
20140805,-0.4
20140806,0
20140807,0
20140808,0.136363636
20140809,-1
20140810,-0.4
20140811,2.15
20140812,2.067676768
20140813,0.2
20140814,1.234090909
20140815,0.283333333
20140816,0.5
20140817,0
20140818,0
20140819,0
20140820,-0.45
20140821,0
20140822,0.525
20140823,0.95
20140824,0
20140825,0.25
20140826,0
20140827,-0.314772727
20140828,-0.125
20140829,0.4
20140830,1.1625
20140831,0
20140901,0
20140902,1.366666667
20140903,0
20140904,0.2
20140905,0
20140906,0
20140907,0
20140908,1.892171717
20140909,1.425
20140910,2.7
20140911,0
20140912,1.210227273
20140913,0.291666667
20140914,0
20140915,0.25
20140916,0.2
20140917,1.55
20140918,0.541666667
20140919,1.461363636
20140920,0
20140921,0
20140922,0.553030303
20140923,0.136363636
20140924,0.5
20140925,0
20140926,-0.208333333
20140927,0.5
20140928,0
20140929,1.5625
20140930,0.570454545
20141001,0.45
20141002,0
20141003,0.5
20141004,0.45
20141005,1.016666667
20141006,0
20141007,1.05
20141008,-0.381818182
20141009,-0.363636364
20141010,0.25
20141011,0.068181818
20141012,-0.625
20141013,0.116666667
20141014,0
20141015,0.723148148
20141016,1.522727273
20141017,-0.3
20141018,-0.085714286
20141019,0
20141020,0
20141021,0
20141022,0.45
20141023,0.007575758
20141024,0.15
20141025,0
20141026,0.1
20141027,0
20141028,0
20141029,0
20141030,-0.1
20141031,0
20141101,0
20141102,0
20141103,1.006666667
20141104,0.843181818
20141105,0
20141106,0
20141107,0.795833333
20141108,0
20141109,0
20141110,1
20141111,0
20141112,0
20141113,1.483333333
20141114,0.4
20141115,0
20141116,0
20141117,0.5
20141118,0
20141119,0.25
20141120,0
20141121,0
20141122,-0.05
20141123,0
20141124,0
20141125,0
20141126,0
20141127,0.125
20141128,0
20141129,0.6375
20141130,0.1625
20141201,0
20141202,0
20141203,-0.083333333
20141204,1
20141205,0
20141206,-0.208333333
20141207,0
20141208,0
20141209,0
20141210,0
20141211,0.183333333
20141212,0
20141213,0
20141214,0
20141215,0
20141216,0
20141217,0
20141218,0
20141219,-0.1
20141220,0.05
20141221,0
20141222,0
20141223,0
20141224,0.5
20141225,0
20141226,0
20141227,0
20141228,0.098484848
20141229,0
20141230,0
20141231,0.361363636
20150101,0
20150102,0.736
20150103,0
20150104,0
20150105,0.085714286
20150106,0
20150107,0
20150108,0.742424242
20150109,0
20150110,-0.329545455
20150111,0.233333333
20150112,0.25
20150113,0.8
20150114,0.45
20150115,0
20150116,0.4
20150117,0
20150118,0
20150119,0
20150120,0.145833333
20150121,1.8
20150122,1.3
20150123,0.25
20150124,0.183333333
20150125,0
20150126,0.2
20150127,0.683333333
20150128,0.725
20150129,0
20150130,0.25
20150131,0
20150201,0
20150202,0.6125
20150203,0
20150204,0.01875
20150205,0
20150206,0.311111111
20150207,0
20150208,0.136363636
20150209,0
20150210,0.25
20150211,0
20150212,0
20150213,0
20150214,0
20150215,1.525
20150216,0.45
20150217,0.5
20150218,0
20150219,0
20150220,1.189935065
20150221,-0.083333333
20150222,0
20150223,0.5
20150224,0.3125
20150225,0.536363636
20150226,0.25
20150227,0.136363636
20150228,0
20150301,0
20150302,0
20150303,0.375
20150304,0.243181818
20150305,0.6
20150306,-0.0875
20150307,0
20150308,0
20150309,1.068181818
20150310,1.516666667
20150311,0.136363636
20150312,0.475
20150313,1.5625
20150314,0
20150315,0
20150316,0
20150317,0
20150318,0
20150319,0
20150320,0.725
20150321,0.033333333
20150322,0
20150323,0.7
20150324,1.6
20150325,0
20150326,0.25
20150327,-0.025
20150328,0
20150329,0
20150330,0.136363636
20150331,0
20150401,0
20150402,0.993181818
20150403,1.308838384
20150404,0.25
20150405,0.253030303
20150406,0.644444444
20150407,3.675315657
20150408,0.243181818
20150409,1.702020202
20150410,0.778571429
20150411,1.2
20150412,0.4
20150413,1.05
20150414,2.204545455
20150415,0
20150416,1.573268398
20150417,1.125757576
20150418,1.1
20150419,2.089772727
20150420,3.003030303
20150421,0.120833333
20150422,0.56
20150423,1.1375
20150424,3.095454545
20150425,0.836363636
20150426,0.8
20150427,0.415340909
20150428,1.047727273
20150429,1.079545455
20150430,0.165340909
20150501,0.636363636
20150502,0.625
20150503,0.333333333
20150504,2.382575758
20150505,0.3
20150506,0.036363636
20150507,0.212121212
20150508,0
20150509,0.25
20150510,0.083333333
20150511,3.087878788
20150512,2.681580087
20150513,0.3
20150514,0.5
20150515,0.56969697
20150516,0.503787879
20150517,0
20150518,0
20150519,1.598181818
20150520,2.578787879
20150521,0.427083333
20150522,1.447916667
20150523,0
20150524,0
20150525,0.6
20150526,2.753787879
20150527,0.068181818
20150528,2.766666667
20150529,2.671753247
20150530,-0.25
20150531,1.633333333
20150601,1.508030303
20150602,1.65155303
20150603,2.669967532
20150604,1.751587302
20150605,0.91969697
20150606,1.994444444
20150607,1.390909091
20150608,0.95
20150609,4.438636364
20150610,0.726136364
20150611,0.209090909
20150612,0.204220779
20150613,0.772727273
20150614,0.45
20150615,1.207575758
20150616,1.656376263
20150617,1.273863636
20150618,1.412121212
20150619,1.847222222
20150620,0.558333333
20150621,0.511363636
20150622,2.491666667
20150623,2.997727273
20150624,1.23517316
20150625,1.436742424
20150626,-0.029545455
20150627,2.423674242
20150628,0.583333333
20150629,3.025649351
20150630,1.46547619
20150701,1.159090909
20150702,2.532744108
20150703,2.227317821
20150704,0.133333333
20150705,0.851666667
20150706,1.997727273
20150707,1
20150708,1.053030303
20150709,2.516666667
20150710,0.875631313
20150711,0.136363636
20150712,0.361363636
20150713,0.708901515
20150714,2.026109307
20150715,3.590151515
20150716,1.070265152
20150717,1.584848485
20150718,0.692424242
20150719,0
20150720,1.472727273
20150721,1.341564078
20150722,1.004545455
20150723,1.460648148
20150724,0.922727273
20150725,1.458658009
20150726,0.506818182
20150727,0.764285714
20150728,2.985984848
20150729,3.316919192
20150730,3.125
20150731,0.875126263
20150801,0.204761905
20150802,-0.173358586
20150803,0.701136364
20150804,4.043037518
20150805,0.164285714
20150806,0.690909091
20150807,3.061385281
20150808,0.416489899
20150809,-0.445075758
20150810,0.789772727
20150811,0.623863636
20150812,2.120454545
20150813,1.761868687
20150814,0.055050505
20150815,1.070454545
20150816,0.283333333
20150817,0.05
20150818,3.319480519
20150819,1.518292749
20150820,1.72202381
20150821,1.638299663
20150822,2.409848485
20150823,0
20150824,1.093194444
20150825,2.510227273
20150826,1.250378788
20150827,1.111931818
20150828,0.602840909
20150829,0.642171717
20150830,1.068181818
20150831,2.90530303
20150901,1.71969697
20150902,2.406060606
20150903,0.286363636
20150904,3
20150905,-1.806818182
20150906,0.1375
20150907,1.438257576
20150908,0.475378788
20150909,4.409848485
20150910,-0.221590909
20150911,0.4375
20150912,1.484090909
20150913,0.736558442
20150914,1.571590909
20150915,1.734090909
20150916,1.896428571
20150917,2.353409091
20150918,1.5
20150919,1.36875
20150920,1.308333333
20150921,2.501704545
20150922,0.266666667
20150923,1.266363636
20150924,1.704166667
20150925,0.984375
20150926,0.272727273
20150927,1.136363636
20150928,1.941558442
20150929,2.623484848
20150930,1.654545455
20151001,2.39040404
20151002,1
20151003,-0.65
20151004,0
20151005,0.350649351
20151006,0.21969697
20151007,-0.501767677
20151008,0.25
20151009,0.886363636
20151010,1
20151011,0.433333333
20151012,0.8
20151013,2.279166667
20151014,1
20151015,1.575
20151016,1.826515152
20151017,1.8
20151018,1.066666667
20151019,3.258333333
20151020,0.725
20151021,3.416825397
20151022,0.425
20151023,0.125
20151024,2.9
20151025,0.2
20151026,1.609577922
20151027,-0.5
20151028,0.698863636
20151029,1.320833333
20151030,0.5875
20151031,0.920454545
20151101,1.587121212
20151102,0.134848485
20151103,3.100974026
20151104,2.326190476
20151105,3.947835498
20151106,1.055880231
20151107,0.068181818
20151108,2.208238636
20151109,1.145075758
20151110,0.098863636
20151111,-0.725
20151112,1.255357143
20151113,0.188095238
20151114,0.375
20151115,2
20151116,0.086363636
20151117,1.318181818
20151118,1.355681818
20151119,0.144444444
20151120,1.8
20151121,0.725
20151122,0.5
20151123,0.3
20151124,1.584848485
20151125,-0.2
20151126,3.833333333
20151127,0
20151128,0.650462963
20151129,0.151893939
20151130,0
20151201,0.686363636
20151202,3.219264069
20151203,0.875
20151204,0.636363636
20151205,1.301515152
20151206,5.076452922
20151207,1.133333333
20151208,1.10952381
20151209,0.957142857
20151210,1.826515152
20151211,0.625
20151212,1.2625
20151213,0.586363636
20151214,1.25
20151215,0
20151216,1.268813131
20151217,0.85
20151218,2.918831169
20151219,0.333333333
20151220,-0.15
20151221,0.4
20151222,0.107142857
20151223,1
20151224,2.741666667
20151225,1.966396104
20151226,0.775
20151227,0.636363636
20151228,1.514285714
20151229,0.85
20151230,-0.3
20151231,1.989015152
20160101,0.2
20160102,1.257142857
20160103,2.833333333
20160104,1.3625
20160105,0.25
20160106,0.316666667
20160107,0.25
20160108,0.438920455
20160109,0.25
20160110,1
20160111,0.5
20160112,0.75
20160113,1.454545455
20160114,0.45
20160115,3.112121212
20160116,1.00625
20160117,2.566666667
20160118,1.05
20160119,0.310674603
20160120,0.553333333
20160121,1.5
20160122,0.985151515
20160123,-0.043939394
20160124,1.301893939
20160125,2.875
20160126,0.236363636
20160127,0.215454545
20160128,3.128787879
20160129,3.51969697
20160130,0.216666667
20160131,0.808333333
20160201,2.019642857
20160202,0.568181818
20160203,1.65
20160204,0.3
20160205,2.163113276
20160206,2.828181818
20160207,1.345833333
20160208,1.252637987
20160209,0.51969697
20160210,0.629166667
20160211,2.75
20160212,2.459343434
20160213,0.136363636
20160214,1.558928571
20160215,1.922222222
20160216,1.716666667
20160217,1.073295455
20160218,0.073611111
20160219,2.461363636
20160220,1.775
20160221,0.04375
20160222,0.680642737
20160223,1.635842803
20160224,1.723809524
20160225,1.222222222
20160226,2.066666667
20160227,2.198333333
20160228,1.90239899
20160229,2.590530303
20160301,0.5
20160302,1.008333333
20160303,1.506818182
20160304,2.333333333
20160305,1.65283189
20160306,0.676388889
20160307,1.0875
20160308,0.134848485
20160309,0.856515152
20160310,0.382467532
20160311,0.541666667
20160312,-0.613636364
20160313,0
20160314,2.525833333
20160315,5.117316017
20160316,2.648268398
20160317,1.725396825
20160318,1.291125541
20160319,-0.641666667
20160320,0.659848485
20160321,0.14047619
20160322,2.339015152
20160323,0.37739899
20160324,4.060227273
20160325,0.420454545
20160326,-0.4
20160327,0.266666667
20160328,-0.166666667
20160329,2.307619048
20160330,1.711666667
20160331,1.223484848
20160401,1.511363636
20160402,1.4625
20160403,0.575
20160404,0.729545455
20160405,2.546780303
20160406,1.46969697
20160407,-0.291666667
20160408,3.345
20160409,0.879545455
20160410,1.09
20160411,1.716341991
20160412,0.2875
20160413,0.141414141
20160414,1.866287879
20160415,1.8375
20160416,0.325
20160417,2.3375
20160418,-0.520833333
20160419,2.111363636
20160420,1.011111111
20160421,2.000909091
20160422,0.287698413
20160423,-1.091666667
20160424,0.76
20160425,0.426666667
20160426,1.354861111
20160427,0.175
20160428,2.4675
20160429,0.8
20160430,-0.104166667
20160501,3.918181818
20160502,3.293181818
20160503,5.336363636
20160504,6.29469697
20160505,5.35
20160506,4.187878788
20160507,2.822121212
20160508,4.186363636
20160509,2.95
20160510,3.461363636
20160511,2.328030303
20160512,2.85
20160513,4.095021645
20160514,3.6
20160515,5.829545455
20160516,3.709848485
20160517,4.416666667
20160518,3.1
20160519,3.778354978
20160520,3.34469697
20160521,3.920454545
20160522,3.998232323
20160523,4.474242424
20160524,5.209343434
20160525,8.012121212
20160526,5.803138528
20160527,5.625
20160528,4.363636364
20160529,4.567070707
20160530,5.377619048
20160531,7.268333333
20160601,3.433333333
20160602,5.435227273
20160603,4.892222222
20160604,4.580681818
20160605,4.018181818
20160606,6.081155303
20160607,3.0125
20160608,4.542063492
20160609,6.51991342
20160610,2.253571429
20160611,2.745454545
20160612,4.054978355
20160613,4.51
20160614,4.076022727
20160615,4.321515152
20160616,5.437467532
20160617,5.4375
20160618,5.985
20160619,4.437272727
20160620,5.272132035
20160621,3.593650794
20160622,7.225
20160623,5.197222222
20160624,5.15
20160625,4.776839827
20160626,3.344444444
20160627,4.364285714
20160628,5.136969697
20160629,8.762878788
20160630,4.267361111
20160701,4.883333333
20160702,5.217316017
20160703,3.5
20160704,8.509577922
20160705,4.103300866
20160706,2.617063492
20160707,5.158089226
20160708,4.972222222
20160709,10.30025253
20160710,4.362878788
20160711,3.60625
20160712,6.302272727
20160713,7.305465368
20160714,5.460606061
20160715,3.4
20160716,2.847222222
20160717,3.4
20160718,4.1
20160719,4.701515152
20160720,3.696428571
20160721,3.958333333
20160722,5.706666667
20160723,4.125
20160724,3.25
20160725,4.061363636
20160726,4.233333333
20160727,3.508585859
20160728,4.061904762
20160729,2.95
20160730,3.5
20160731,8.308333333
20160801,3.848863636
20160802,3
20160803,2.822222222
20160804,4.15
20160805,4.649134199
20160806,4.15
20160807,4.505492424
20160808,4.581818182
20160809,2.778571429
20160810,3.2
20160811,2.43
20160812,3.684375
20160813,3.16
20160814,4.630681818
20160815,3.134848485
20160816,8.266666667
20160817,4.067229437
20160818,4.1625
20160819,4.74047619
20160820,2.5
20160821,2.5
20160822,3.036363636
20160823,3.136363636
20160824,3.386363636
20160825,4.95
20160826,4.118181818
20160827,3.9
20160828,3.5
20160829,4.757474747
20160830,3.833116883
20160831,3.636363636
20160901,3.83
20160902,4.05
20160903,2.698181818
20160904,3.666666667
20160905,3
20160906,3.25
20160907,3.036363636
20160908,5.08
20160909,5.2
20160910,2.966666667
20160911,6.141666667
20160912,3.216666667
20160913,3.9
20160914,3.41
20160915,3.275
20160916,3.761363636
20160917,3
20160918,4.9
20160919,3.8
20160920,5.486363636
20160921,5.754166667
20160922,3.99469697
20160923,3.4
20160924,3.142857143
20160925,5.360681818
20160926,3.511111111
20160927,3.87125
20160928,4.900505051
20160929,5.271363636
20160930,4.533333333
20161001,3.05
20161002,2.885024351
20161003,5.031168831
20161004,3
20161005,4.6
20161006,5.735890152
20161007,4.283333333
20161008,5.130176768
20161009,3.548181818
20161010,2.987121212
20161011,4.599242424
20161012,3.386363636
20161013,3.941666667
20161014,3.65
20161015,2.844444444
20161016,2.5
20161017,4.333333333
20161018,5.676046176
20161019,3
20161020,3.308333333
20161021,2.5
20161022,3
20161023,4.518888889
20161024,4.672727273
20161025,6.700757576
20161026,4.018614719
20161027,3.138131313
20161028,2.603977273
20161029,3.623809524
20161030,4.035714286
20161031,5.34020202
20161101,3.873484848
20161102,3.575284091
20161103,3.272727273
20161104,2.6
20161105,3
20161106,3.573863636
20161107,3.193181818
20161108,4.036363636
20161109,3.279220779
20161110,7.161363636
20161111,3.15
20161112,3.541212121
20161113,3.2
20161114,4.9
20161115,3.75
20161116,3.138461538
20161117,4.168181818
20161118,5.93459596
20161119,4.571414141
20161120,5.826287879
20161121,5.9625
20161122,2.851028139
20161123,6.118371212
20161124,7.452840909
20161125,5.333333333
20161126,7.323333333
20161127,6.136363636
20161128,6.293181818
20161129,8.008225108
20161130,7.201488095
20161201,7.234848485
20161202,7.76327381
20161203,5.72
20161204,7.010669192
20161205,7.540097403
20161206,8.905988456
20161207,5.2625
20161208,9.7547114
20161209,9.4125
20161210,6.85
20161211,7.086363636
20161212,7.86690882
20161213,15.19230519
20161214,5.307348485
20161215,11.26704545
20161216,7.45
20161217,5.98459596
20161218,5.976363636
20161219,7.570833333
20161220,9.386661255
20161221,5.469006734
20161222,9.628230519
20161223,10.75573413
20161224,6.630952381
20161225,7.121212121
20161226,5.775454545
20161227,8.349134199
20161228,10.82530303
20161229,14.76425685
20161230,8.573989899
20161231,10.83333333
20170101,13.02386364
20170102,12.88252165
20170103,12.56866883
20170104,17.35399621
20170105,13.24797619
20170106,9.311931818
20170107,8.802705628
20170108,6.788419913
20170109,5.883757215
20170110,8.514294733
20170111,9.329419192
20170112,6.20094697
20170113,6.475
20170114,7.172727273
20170115,6.5375
20170116,7.625
20170117,8.810995671
20170118,9.450351732
20170119,6.73299062
20170120,8.278787879
20170121,7.285681818
20170122,7.046879509
20170123,11.55454545
20170124,6.827272727
20170125,7.468560606
20170126,7.787462121
20170127,8.020909091
20170128,7.066125541
20170129,9.640151515
20170130,9.436363636
20170131,8.917171717
20170201,10.33762626
20170202,15.84603175
20170203,20.49269372
20170204,12.47651515
20170205,11.15530303
20170206,14.62775974
20170207,13.68864719
20170208,14.63272006
20170209,14.89397547
20170210,14.79925144
20170211,15.88190837
20170212,13.84886364
20170213,12.95233586
20170214,14.225
20170215,16.35787879
20170216,12.38766234
20170217,10.75397727
20170218,11.49375
20170219,10.95162338
20170220,12.904329
20170221,13.06606061
20170222,10.49261364
20170223,15.28727273
20170224,14.96666667
20170225,11.01856061
20170226,13.03220779
20170227,13.47937109
20170228,17.22969697
20170301,14.19261544
20170302,21.96166667
20170303,15.34733045
20170304,21.1030303
20170305,0.5
